,검색결과
0,0(0.22초)
1,5(0.25초)
2,1(0.20초)
3,4(0.23초)
4,5(0.26초)
5,4(0.29초)
6,0(0.23초)
7,88(0.29초)
8,4(0.20초)
9,24(0.32초)
10,0(0.23초)
11,50(0.26초)
12,4(0.24초)
13,0(0.26초)
14,0(0.29초)
15,2(0.22초)
16,5(0.33초)
17,2(0.28초)
18,3(0.29초)
19,5(0.25초)
20,3(0.31초)
21,0(0.31초)
22,4(0.32초)
23,4(0.31초)
24,0(0.27초)
25,35(0.41초)
26,2(0.33초)
27,0(0.35초)
28,40(0.41초)
29,4(0.37초)
30,1(0.25초)
31,69(0.41초)
32,0(0.29초)
33,3(0.31초)
34,0(0.21초)
35,5(0.39초)
36,"38,200(0.44초)"
37,"6,140(0.53초)"
38,0(0.21초)
39,2(0.37초)
40,0(0.28초)
41,0(0.28초)
42,0(0.26초)
43,2(0.30초)
44,3(0.40초)
45,9(0.48초)
46,5(0.39초)
47,6(0.29초)
48,0(0.31초)
49,0(0.34초)
50,0(0.32초)
51,0(0.22초)
52,5(0.32초)
53,71(0.32초)
54,0(0.32초)
55,0(0.32초)
56,0(0.27초)
57,1(0.23초)
58,6(0.39초)
59,7(0.29초)
60,1(0.58초)
61,"2,180(0.73초)"
62,9(0.29초)
63,2(0.37초)
64,1(0.25초)
65,0(0.41초)
66,29(0.34초)
67,3(0.34초)
68,0(0.26초)
69,66(0.44초)
70,3(0.35초)
71,2(0.27초)
72,"5,460(0.35초)"
73,32(0.36초)
74,0(0.27초)
75,0(0.34초)
76,3(0.41초)
77,82(0.47초)
78,6(0.41초)
79,3(0.32초)
80,0(0.41초)
81,63(0.40초)
82,1(0.32초)
83,0(0.23초)
84,3(0.32초)
85,4(0.32초)
86,1(0.35초)
87,3(0.31초)
88,0(0.49초)
89,0(0.28초)
90,6(0.41초)
91,6(0.36초)
92,1(0.35초)
93,2(0.34초)
94,0(0.33초)
95,0(0.33초)
96,5(0.33초)
97,"256,000(0.38초)"
98,"31,400(0.58초)"
99,0(0.23초)
100,0(0.38초)
101,0(0.22초)
102,2(0.30초)
103,0(0.40초)
104,0(0.22초)
105,8(0.36초)
106,35(0.41초)
107,0(0.31초)
108,4(0.42초)
109,0(0.29초)
110,0(0.34초)
111,0(0.26초)
112,4(0.31초)
113,1(0.33초)
114,"2,460(0.57초)"
115,0(0.22초)
116,8(0.30초)
117,0(0.25초)
118,1(0.27초)
119,3(0.33초)
120,0(0.32초)
121,6(0.30초)
122,1(0.26초)
123,657(0.41초)
124,5(0.26초)
125,2(0.38초)
126,4(0.39초)
127,1(0.29초)
128,59(0.36초)
129,1(0.37초)
130,4(0.30초)
131,1(0.26초)
132,0(0.32초)
133,7(0.37초)
134,"6,030(0.46초)"
135,0(0.29초)
136,0(0.21초)
137,0(0.26초)
138,0(0.24초)
139,3(0.25초)
140,62(0.29초)
141,0(0.20초)
142,1(0.55초)
143,3(0.56초)
144,0(0.30초)
145,0(0.26초)
146,2(0.28초)
147,0(0.28초)
148,4(0.29초)
149,0(0.30초)
150,7(0.28초)
151,4(0.27초)
152,0(0.22초)
153,0(0.22초)
154,18(0.28초)
155,1(0.23초)
156,176(0.39초)
157,0(0.24초)
158,0(0.30초)
159,0(0.24초)
160,4(0.40초)
161,2(0.26초)
162,0(0.23초)
163,0(0.21초)
164,2(0.33초)
165,5(0.36초)
166,3(0.28초)
167,0(0.38초)
168,2(0.27초)
169,84(0.40초)
170,1(0.29초)
171,8(0.31초)
172,"31,400(0.29초)"
173,2(0.23초)
174,"1,960(0.33초)"
175,0(0.23초)
176,1(0.60초)
177,0(0.22초)
178,130(0.51초)
179,1(0.43초)
180,4(0.30초)
181,0(0.36초)
182,0(0.26초)
183,36(0.32초)
184,0(0.26초)
185,49(0.30초)
186,5(0.42초)
187,0(0.28초)
188,45(0.41초)
189,1(0.53초)
190,6(0.43초)
191,1(0.27초)
192,320(0.35초)
193,1(0.28초)
194,2(0.41초)
195,0(0.24초)
196,4(0.28초)
197,"31,400(0.29초)"
198,0(0.26초)
199,"3,250(0.39초)"
200,2(0.30초)
201,0(0.26초)
202,1(0.27초)
203,0(0.30초)
204,0(0.27초)
205,1(0.25초)
206,0(0.32초)
207,"3,250(0.39초)"
208,98(0.38초)
209,2(0.34초)
210,342(0.37초)
211,0(0.23초)
212,0(0.38초)
213,2(0.67초)
214,3(0.33초)
215,4(0.32초)
216,"4,500(0.42초)"
217,78(0.36초)
218,0(0.27초)
219,0(0.32초)
220,6(0.43초)
221,0(0.23초)
222,0(0.24초)
223,1(0.30초)
224,6(0.26초)
225,0(0.63초)
226,0(0.25초)
227,0(0.21초)
228,1(0.41초)
229,1(0.27초)
230,"1,120(0.34초)"
231,0(0.21초)
232,0(0.55초)
233,0(0.30초)
234,0(0.23초)
235,50(0.38초)
236,"1,640(0.56초)"
237,0(0.25초)
238,"2,800(0.41초)"
239,4(0.37초)
240,0(0.29초)
241,30(0.38초)
242,89(0.40초)
243,1(0.31초)
244,0(0.28초)
245,66(0.55초)
246,1(0.33초)
247,4(0.33초)
248,0(0.25초)
249,6(0.26초)
250,1(0.23초)
251,0(0.49초)
252,4(0.29초)
253,0(0.27초)
254,0(0.61초)
255,0(0.24초)
256,0(0.32초)
257,0(0.24초)
258,8(0.33초)
259,1(0.27초)
260,0(0.61초)
261,0(0.21초)
262,0(0.22초)
263,0(0.35초)
264,3(0.36초)
265,302(0.48초)
266,"1,270(0.46초)"
267,0(0.56초)
268,0(0.29초)
269,191(0.43초)
270,0(0.25초)
271,"4,610(0.41초)"
272,1(0.23초)
273,6(0.34초)
274,0(0.22초)
275,194(0.47초)
276,0(0.30초)
277,1(0.25초)
278,1(0.28초)
279,38(0.48초)
280,0(0.29초)
281,0(0.37초)
282,0(0.37초)
283,0(0.25초)
284,0(0.28초)
285,0(0.50초)
286,6(0.40초)
287,1(0.38초)
288,0(0.36초)
289,0(0.25초)
290,107(0.42초)
291,7(0.34초)
292,1(0.36초)
293,3(0.37초)
294,3(0.34초)
295,"4,330(0.38초)"
296,0(0.34초)
297,2(0.33초)
298,1(0.29초)
299,0(0.30초)
300,172(0.48초)
301,0(0.23초)
302,5(0.35초)
303,2(0.33초)
304,3(0.39초)
305,0(0.31초)
306,0(0.23초)
307,0(0.33초)
308,"2,120(0.33초)"
309,0(0.29초)
310,"31,400(0.36초)"
311,"2,300(0.42초)"
312,1(0.32초)
313,0(0.24초)
314,0(0.32초)
315,0(0.28초)
316,0(0.34초)
317,8(0.46초)
318,457(0.36초)
319,0(0.21초)
320,22(0.34초)
321,51(0.35초)
322,0(0.21초)
323,0(0.33초)
324,"1,920(0.38초)"
325,9(0.43초)
326,0(0.27초)
327,0(0.30초)
328,0(0.33초)
329,2(0.34초)
330,1(0.41초)
331,6(0.36초)
332,0(0.34초)
333,0(0.31초)
334,2(0.29초)
335,0(0.25초)
336,0(0.30초)
337,0(0.65초)
338,5(0.40초)
339,0(0.30초)
340,2(0.34초)
341,108(0.49초)
342,0(0.31초)
343,0(0.31초)
344,913(0.65초)
345,0(0.39초)
346,"2,300(0.42초)"
347,127(0.48초)
348,786(0.38초)
349,0(0.36초)
350,0(0.34초)
351,1(0.42초)
352,10(0.37초)
353,0(0.44초)
354,1(0.35초)
355,0(0.32초)
356,0(0.47초)
357,0(0.23초)
358,0(0.33초)
359,0(0.31초)
360,0(0.34초)
361,0(0.33초)
362,25(0.51초)
363,1(0.36초)
364,28(0.60초)
365,8(0.46초)
366,0(0.31초)
367,"7,090(0.52초)"
368,0(0.31초)
369,4(0.57초)
370,0(0.49초)
371,398(0.59초)
372,2(0.29초)
373,0(0.32초)
374,30(0.41초)
375,1(0.34초)
376,0(0.30초)
377,0(0.34초)
378,0(0.22초)
379,0(0.27초)
380,0(0.27초)
381,4(0.26초)
382,4(0.31초)
383,161(0.36초)
384,0(0.31초)
385,"53,800(0.32초)"
386,1(0.24초)
387,56(0.27초)
388,0(0.33초)
389,0(0.25초)
390,0(0.22초)
391,0(0.23초)
392,3(0.26초)
393,0(0.19초)
394,1(0.29초)
395,1(0.23초)
396,1(0.26초)
397,138(0.48초)
398,0(0.25초)
399,2(0.24초)
400,0(0.21초)
401,2(0.26초)
402,0(0.23초)
403,1(0.25초)
404,0(0.21초)
405,0(0.21초)
406,0(0.23초)
407,2(0.23초)
408,2(0.25초)
409,100(0.27초)
410,231(0.28초)
411,0(0.22초)
412,0(0.21초)
413,1(0.22초)
414,50(0.28초)
415,0(0.25초)
416,3(0.33초)
417,7(0.29초)
418,0(0.21초)
419,517(0.29초)
420,1(0.26초)
421,0(0.20초)
422,0(0.21초)
423,78(0.34초)
424,0(0.22초)
425,101(0.38초)
426,5(0.27초)
427,"1,230(0.30초)"
428,286(0.28초)
429,"2,330(0.34초)"
430,0(0.20초)
431,0(0.40초)
432,0(0.20초)
433,4(0.26초)
434,1(0.23초)
435,0(0.20초)
436,0(0.21초)
437,"1,030(0.39초)"
438,6(0.62초)
439,0(0.21초)
440,6(0.27초)
441,0(0.24초)
442,8(0.27초)
443,1(0.36초)
444,0(0.45초)
445,0(0.22초)
446,3(0.25초)
447,0(0.21초)
448,131(0.28초)
449,71(0.31초)
450,6(0.30초)
451,0(0.42초)
452,"1,060(0.31초)"
453,52(0.38초)
454,1(0.25초)
455,"3,250(0.33초)"
456,0(0.20초)
457,1(0.28초)
458,0(0.23초)
459,"7,630(0.43초)"
460,10(0.33초)
461,"3,060(0.38초)"
462,0(0.32초)
463,72(0.31초)
464,1(0.23초)
465,748(0.37초)
466,0(0.22초)
467,0(0.24초)
468,0(0.23초)
469,0(0.23초)
470,332(0.34초)
471,0(0.20초)
472,0(0.19초)
473,"31,400(0.33초)"
474,0(0.19초)
475,88(0.34초)
476,0(0.22초)
477,8(0.26초)
478,578(0.31초)
479,1(0.22초)
480,0(0.22초)
481,0(0.21초)
482,0(0.23초)
483,4(0.31초)
484,0(0.24초)
485,50(0.30초)
486,6(0.26초)
487,3(0.25초)
488,0(0.27초)
489,0(0.30초)
490,2(0.24초)
491,3(0.30초)
492,"3,250(0.33초)"
493,112(0.36초)
494,1(0.21초)
495,0(0.23초)
496,112(0.36초)
497,6(0.26초)
498,192(0.29초)
499,3(0.25초)
